a,b,n_a,n_b,p_raw,p_bonf,sig
LLM,Multimodal_Perception,1070,331,1.793380248223299e-56,1.0760281489339794e-55,True
LLM,Embodied,1070,322,2.9337427663547717e-78,1.7602456598128632e-77,True
LLM,Human_Bound,1070,238,1.994040847208497e-21,1.1964245083250981e-20,True
Multimodal_Perception,Embodied,331,322,4.765941285765602e-06,2.859564771459361e-05,True
Multimodal_Perception,Human_Bound,331,238,3.402587672985441e-05,0.0002041552603791265,True
Embodied,Human_Bound,322,238,1.239148131579088e-15,7.434888789474529e-15,True
