a,b,n_a,n_b,p_raw,p_bonf,sig
Embodied,Human_Bound,335,212,0.008655666178502736,0.05193399707101642,False
Embodied,Multimodal_Perception,335,309,0.038398008762186936,0.23038805257312162,False
Embodied,LLM,335,1105,3.0528233223761475e-67,1.8316939934256883e-66,True
Human_Bound,Multimodal_Perception,212,309,0.45721182299006624,1.0,False
Human_Bound,LLM,212,1105,6.883384781396265e-35,4.130030868837759e-34,True
Multimodal_Perception,LLM,309,1105,1.4527995357547385e-51,8.716797214528431e-51,True
